{
    "code": "0",
    "datas": {
        "TABLE": {
            "totalSize": 6,
            "pageSize": 1000,
            "rows": [
                {
                    "WID": "1001",
                    "XSBH": "bear0001",
                    "XH": "1001",
                    "XM": "熊大",
                    "XBDM": "2",
                    "CSRQ": "2016-01-01",
                    "SFZJH": "321102198009095555",
                    "XZ": 3,
                    "XSZP": null,
                    "ZSFJ": "token002",
                    "XBDM_DISPLAY": "女"
                },
                {
                    "WID": "1002",
                    "XSBH": "bear0002",
                    "XH": "1002",
                    "XM": "熊二",
                    "XBDM": "2",
                    "CSRQ": "2016-01-01",
                    "SFZJH": "321102198009095555",
                    "XZ": 3,
                    "XSZP": null,
                    "ZSFJ": "token002",
                    "XBDM_DISPLAY": "女"
                },
                {
                    "WID": "1003",
                    "XSBH": "bear0003",
                    "XH": "1003",
                    "XM": "熊三",
                    "XBDM": "1",
                    "CSRQ": "2016-01-01",
                    "SFZJH": "321102198009095555",
                    "XZ": 3,
                    "XSZP": null,
                    "ZSFJ": "token002",
                    "XBDM_DISPLAY": "男"
                },
                {
                    "WID": "1004",
                    "XSBH": "bear0004",
                    "XH": "1004",
                    "XM": "熊四",
                    "XBDM": "2",
                    "CSRQ": "2016-01-01",
                    "SFZJH": "321102198009095555",
                    "XZ": 3,
                    "XSZP": null,
                    "ZSFJ": "token002",
                    "XBDM_DISPLAY": "女"
                },
                {
                    "WID": "1005",
                    "XSBH": "bear0005",
                    "XH": "1005",
                    "XM": "熊五",
                    "XBDM": "2",
                    "CSRQ": "2016-01-01",
                    "SFZJH": "321102198009095555",
                    "XZ": 3,
                    "XSZP": null,
                    "ZSFJ": "token002",
                    "XBDM_DISPLAY": "女"
                },
                {
                    "WID": "1006",
                    "XSBH": "bear0006",
                    "XH": "1006",
                    "XM": "熊六",
                    "XBDM": "2",
                    "CSRQ": "2016-01-01",
                    "SFZJH": "321102198009095555",
                    "XZ": 3,
                    "XSZP": null,
                    "ZSFJ": "token002",
                    "XBDM_DISPLAY": "女"
                }
            ]
        }
    }
}